incident_id,match_id,referee_id,offending_team,opponent_team,official_decision,model_decision,model_confidence,data_origin
I0001,M0001,R01,White,Blue,no_offence,no_offence,0.938,synthetic
I0002,M0002,R01,White,Black,no_offence,no_offence,0.645,synthetic
I0003,M0003,R01,Black,White,no_offence,no_offence,0.907,synthetic
I0004,M0004,R01,Red,Gold,no_offence,foul_no_card,0.739,synthetic
I0005,M0005,R01,White,Gold,foul_no_card,foul_no_card,0.874,synthetic
I0006,M0006,R01,Blue,Gold,foul_no_card,no_offence,0.949,synthetic
I0007,M0007,R01,White,Gold,yellow,foul_no_card,0.908,synthetic
I0008,M0008,R01,White,Black,yellow,yellow,0.831,synthetic
I0009,M0009,R01,White,Red,red,yellow,0.959,synthetic
I0010,M0010,R01,Gold,Green,no_offence,foul_no_card,0.877,synthetic
I0011,M0011,R01,White,Green,yellow,yellow,0.712,synthetic
I0012,M0012,R01,Black,Red,no_offence,no_offence,0.922,synthetic
I0013,M0013,R01,Black,Red,foul_no_card,yellow,0.857,synthetic
I0014,M0014,R01,Blue,Green,foul_no_card,foul_no_card,0.911,synthetic
I0015,M0015,R01,White,Green,foul_no_card,foul_no_card,0.923,synthetic
I0016,M0016,R01,Red,Green,no_offence,no_offence,0.94,synthetic
I0017,M0017,R01,Gold,Black,foul_no_card,foul_no_card,0.902,synthetic
I0018,M0018,R01,Blue,White,yellow,yellow,0.929,synthetic
I0019,M0019,R01,Black,Blue,foul_no_card,foul_no_card,0.86,synthetic
I0020,M0020,R01,Black,Blue,yellow,yellow,0.94,synthetic
I0021,M0021,R01,White,Green,no_offence,no_offence,0.973,synthetic
I0022,M0022,R01,White,Green,yellow,red,0.837,synthetic
I0023,M0023,R01,White,Green,yellow,yellow,0.88,synthetic
I0024,M0024,R01,Red,Black,yellow,red,0.916,synthetic
I0025,M0025,R01,Gold,Blue,no_offence,no_offence,0.949,synthetic
I0026,M0026,R01,Red,Blue,foul_no_card,foul_no_card,0.727,synthetic
I0027,M0027,R01,Blue,Black,yellow,yellow,0.908,synthetic
I0028,M0028,R01,Green,Black,yellow,yellow,0.906,synthetic
I0029,M0029,R01,White,Red,yellow,yellow,0.88,synthetic
I0030,M0030,R01,Black,Gold,no_offence,no_offence,0.914,synthetic
I0031,M0031,R01,Red,Black,foul_no_card,foul_no_card,0.857,synthetic
I0032,M0032,R01,Blue,Green,no_offence,no_offence,0.854,synthetic
I0033,M0033,R01,Red,Black,foul_no_card,foul_no_card,0.885,synthetic
I0034,M0034,R01,Blue,White,yellow,yellow,0.958,synthetic
I0035,M0035,R01,Blue,White,no_offence,no_offence,0.837,synthetic
I0036,M0036,R01,Red,White,foul_no_card,foul_no_card,0.894,synthetic
I0037,M0037,R01,Blue,Gold,foul_no_card,yellow,0.924,synthetic
I0038,M0038,R01,Black,Blue,yellow,red,0.847,synthetic
I0039,M0039,R01,Gold,White,foul_no_card,foul_no_card,0.671,synthetic
I0040,M0040,R01,Gold,Green,foul_no_card,yellow,0.931,synthetic
I0041,M0041,R01,White,Black,yellow,yellow,0.855,synthetic
I0042,M0042,R01,Blue,Black,yellow,yellow,0.828,synthetic
I0043,M0043,R01,Gold,Black,yellow,yellow,0.691,synthetic
I0044,M0044,R01,Red,Blue,foul_no_card,foul_no_card,0.839,synthetic
I0045,M0045,R01,Black,Red,foul_no_card,foul_no_card,0.925,synthetic
I0046,M0046,R01,Black,White,foul_no_card,foul_no_card,0.87,synthetic
I0047,M0047,R01,Green,Gold,no_offence,no_offence,0.969,synthetic
I0048,M0048,R01,Blue,White,yellow,foul_no_card,0.832,synthetic
I0049,M0049,R01,Red,Black,yellow,foul_no_card,0.961,synthetic
I0050,M0050,R01,Green,White,foul_no_card,no_offence,0.918,synthetic
I0051,M0051,R01,White,Black,foul_no_card,no_offence,0.926,synthetic
I0052,M0052,R01,Red,Green,no_offence,no_offence,0.864,synthetic
I0053,M0053,R01,Black,Red,yellow,yellow,0.862,synthetic
I0054,M0054,R01,Gold,Green,foul_no_card,yellow,0.888,synthetic
I0055,M0055,R01,Green,Blue,foul_no_card,no_offence,0.862,synthetic
I0056,M0056,R01,White,Gold,foul_no_card,foul_no_card,0.622,synthetic
I0057,M0057,R01,White,Red,no_offence,foul_no_card,0.844,synthetic
I0058,M0058,R01,Red,Blue,yellow,foul_no_card,0.958,synthetic
I0059,M0059,R01,Green,Red,yellow,yellow,0.91,synthetic
I0060,M0060,R01,Gold,Black,red,yellow,0.846,synthetic
I0061,M0061,R01,Red,Gold,no_offence,no_offence,0.969,synthetic
I0062,M0062,R01,White,Red,no_offence,foul_no_card,0.96,synthetic
I0063,M0063,R01,Gold,Red,foul_no_card,no_offence,0.951,synthetic
I0064,M0064,R01,Red,White,no_offence,no_offence,0.958,synthetic
I0065,M0065,R01,Green,White,foul_no_card,foul_no_card,0.906,synthetic
I0066,M0066,R01,Blue,White,yellow,yellow,0.977,synthetic
I0067,M0067,R01,Blue,White,foul_no_card,foul_no_card,0.89,synthetic
I0068,M0068,R01,Black,Blue,foul_no_card,foul_no_card,0.933,synthetic
I0069,M0069,R01,Blue,Black,yellow,yellow,0.939,synthetic
I0070,M0070,R01,White,Red,foul_no_card,foul_no_card,0.873,synthetic
I0071,M0071,R01,Green,Blue,yellow,yellow,0.885,synthetic
I0072,M0072,R01,Gold,Green,foul_no_card,foul_no_card,0.881,synthetic
I0073,M0073,R01,White,Red,foul_no_card,foul_no_card,0.82,synthetic
I0074,M0074,R01,Green,Red,foul_no_card,foul_no_card,0.894,synthetic
I0075,M0075,R01,Gold,Red,no_offence,foul_no_card,0.938,synthetic
I0076,M0076,R01,White,Blue,foul_no_card,foul_no_card,0.835,synthetic
I0077,M0077,R01,Red,Green,foul_no_card,foul_no_card,0.649,synthetic
I0078,M0078,R01,Gold,Black,yellow,yellow,0.921,synthetic
I0079,M0079,R01,Red,Gold,foul_no_card,foul_no_card,0.821,synthetic
I0080,M0080,R01,Blue,Gold,no_offence,foul_no_card,0.894,synthetic
I0081,M0081,R01,Black,Red,yellow,yellow,0.894,synthetic
I0082,M0082,R01,Black,White,yellow,foul_no_card,0.918,synthetic
I0083,M0083,R01,White,Black,yellow,foul_no_card,0.845,synthetic
I0084,M0084,R01,Gold,White,foul_no_card,foul_no_card,0.943,synthetic
I0085,M0085,R01,Black,Gold,foul_no_card,foul_no_card,0.656,synthetic
I0086,M0086,R01,Green,White,foul_no_card,foul_no_card,0.857,synthetic
I0087,M0087,R01,White,Red,yellow,yellow,0.907,synthetic
I0088,M0088,R01,Gold,Blue,foul_no_card,foul_no_card,0.913,synthetic
I0089,M0089,R01,White,Blue,foul_no_card,yellow,0.821,synthetic
I0090,M0090,R01,Green,White,foul_no_card,yellow,0.887,synthetic
I0091,M0091,R01,White,Black,red,yellow,0.864,synthetic
I0092,M0092,R01,Gold,Blue,foul_no_card,foul_no_card,0.936,synthetic
I0093,M0093,R01,Gold,Red,red,red,0.915,synthetic
I0094,M0094,R01,White,Blue,no_offence,no_offence,0.849,synthetic
I0095,M0095,R01,Green,Gold,foul_no_card,foul_no_card,0.961,synthetic
I0096,M0096,R01,Green,Gold,foul_no_card,foul_no_card,0.696,synthetic
I0097,M0097,R01,Green,Red,foul_no_card,yellow,0.941,synthetic
I0098,M0098,R01,Red,White,yellow,yellow,0.896,synthetic
I0099,M0099,R01,Blue,Black,yellow,yellow,0.879,synthetic
I0100,M0100,R01,Black,White,red,red,0.846,synthetic
I0101,M0101,R01,Green,Blue,yellow,foul_no_card,0.965,synthetic
I0102,M0102,R01,Gold,White,yellow,yellow,0.953,synthetic
I0103,M0103,R01,Red,Blue,yellow,yellow,0.949,synthetic
I0104,M0104,R01,Black,Blue,foul_no_card,foul_no_card,0.901,synthetic
I0105,M0105,R01,Green,Blue,foul_no_card,yellow,0.974,synthetic
I0106,M0106,R01,White,Gold,yellow,yellow,0.974,synthetic
I0107,M0107,R01,Green,Black,yellow,yellow,0.89,synthetic
I0108,M0108,R01,White,Black,no_offence,foul_no_card,0.834,synthetic
I0109,M0109,R01,Gold,Red,yellow,yellow,0.874,synthetic
I0110,M0110,R01,Gold,Green,no_offence,no_offence,0.874,synthetic
I0111,M0111,R01,Black,Green,foul_no_card,foul_no_card,0.859,synthetic
I0112,M0112,R01,Gold,White,foul_no_card,foul_no_card,0.934,synthetic
I0113,M0113,R01,Gold,Blue,no_offence,no_offence,0.869,synthetic
I0114,M0114,R01,Black,Green,foul_no_card,foul_no_card,0.939,synthetic
I0115,M0115,R01,Green,White,yellow,yellow,0.839,synthetic
I0116,M0116,R01,Red,Green,no_offence,no_offence,0.85,synthetic
I0117,M0117,R01,Red,Gold,foul_no_card,foul_no_card,0.915,synthetic
I0118,M0118,R01,Blue,Red,foul_no_card,foul_no_card,0.933,synthetic
I0119,M0119,R01,Red,Green,no_offence,no_offence,0.971,synthetic
I0120,M0120,R01,White,Gold,no_offence,no_offence,0.897,synthetic
I0121,M0121,R02,Green,Red,red,red,0.838,synthetic
I0122,M0122,R02,Blue,Gold,foul_no_card,foul_no_card,0.844,synthetic
I0123,M0123,R02,Black,Green,no_offence,no_offence,0.887,synthetic
I0124,M0124,R02,Black,White,foul_no_card,foul_no_card,0.891,synthetic
I0125,M0125,R02,Black,Gold,foul_no_card,foul_no_card,0.938,synthetic
I0126,M0126,R02,Red,White,foul_no_card,foul_no_card,0.908,synthetic
I0127,M0127,R02,Red,Blue,foul_no_card,foul_no_card,0.825,synthetic
I0128,M0128,R02,Green,White,yellow,yellow,0.968,synthetic
I0129,M0129,R02,White,Black,red,yellow,0.907,synthetic
I0130,M0130,R02,White,Red,foul_no_card,yellow,0.637,synthetic
I0131,M0131,R02,Green,Black,yellow,yellow,0.84,synthetic
I0132,M0132,R02,White,Green,red,yellow,0.899,synthetic
I0133,M0133,R02,Blue,Black,no_offence,no_offence,0.86,synthetic
I0134,M0134,R02,Blue,Red,yellow,red,0.972,synthetic
I0135,M0135,R02,White,Green,no_offence,foul_no_card,0.903,synthetic
I0136,M0136,R02,Gold,Green,no_offence,no_offence,0.899,synthetic
I0137,M0137,R02,Blue,Gold,foul_no_card,foul_no_card,0.957,synthetic
I0138,M0138,R02,Green,Gold,yellow,yellow,0.95,synthetic
I0139,M0139,R02,Black,Blue,foul_no_card,foul_no_card,0.975,synthetic
I0140,M0140,R02,Gold,Black,yellow,yellow,0.894,synthetic
I0141,M0141,R02,Blue,Red,foul_no_card,foul_no_card,0.891,synthetic
I0142,M0142,R02,Blue,Red,foul_no_card,foul_no_card,0.961,synthetic
I0143,M0143,R02,Gold,Blue,no_offence,no_offence,0.934,synthetic
I0144,M0144,R02,Green,Black,no_offence,no_offence,0.955,synthetic
I0145,M0145,R02,Blue,Gold,yellow,yellow,0.969,synthetic
I0146,M0146,R02,Green,Black,yellow,yellow,0.896,synthetic
I0147,M0147,R02,Gold,Black,no_offence,no_offence,0.939,synthetic
I0148,M0148,R02,Red,Blue,no_offence,foul_no_card,0.969,synthetic
I0149,M0149,R02,Black,Green,yellow,yellow,0.914,synthetic
I0150,M0150,R02,White,Gold,yellow,yellow,0.873,synthetic
I0151,M0151,R02,Black,Gold,foul_no_card,foul_no_card,0.932,synthetic
I0152,M0152,R02,Black,Gold,no_offence,foul_no_card,0.729,synthetic
I0153,M0153,R02,White,Gold,foul_no_card,foul_no_card,0.977,synthetic
I0154,M0154,R02,Gold,Blue,foul_no_card,no_offence,0.836,synthetic
I0155,M0155,R02,Gold,Blue,foul_no_card,foul_no_card,0.886,synthetic
I0156,M0156,R02,White,Red,foul_no_card,no_offence,0.92,synthetic
I0157,M0157,R02,Gold,Blue,foul_no_card,yellow,0.881,synthetic
I0158,M0158,R02,Green,Gold,yellow,yellow,0.711,synthetic
I0159,M0159,R02,Green,Red,yellow,yellow,0.921,synthetic
I0160,M0160,R02,Blue,Gold,no_offence,no_offence,0.662,synthetic
I0161,M0161,R02,Blue,Green,foul_no_card,foul_no_card,0.886,synthetic
I0162,M0162,R02,White,Red,no_offence,no_offence,0.919,synthetic
I0163,M0163,R02,Red,Gold,yellow,yellow,0.861,synthetic
I0164,M0164,R02,Green,Blue,yellow,yellow,0.907,synthetic
I0165,M0165,R02,Blue,Gold,red,yellow,0.974,synthetic
I0166,M0166,R02,White,Green,foul_no_card,foul_no_card,0.957,synthetic
I0167,M0167,R02,Blue,Red,foul_no_card,foul_no_card,0.932,synthetic
I0168,M0168,R02,Blue,Gold,foul_no_card,foul_no_card,0.939,synthetic
I0169,M0169,R02,Blue,Black,foul_no_card,yellow,0.944,synthetic
I0170,M0170,R02,Red,Black,yellow,yellow,0.86,synthetic
I0171,M0171,R02,White,Red,yellow,foul_no_card,0.869,synthetic
I0172,M0172,R02,Gold,Blue,foul_no_card,foul_no_card,0.867,synthetic
I0173,M0173,R02,White,Gold,no_offence,no_offence,0.975,synthetic
I0174,M0174,R02,Black,White,foul_no_card,yellow,0.952,synthetic
I0175,M0175,R02,Gold,Green,yellow,yellow,0.974,synthetic
I0176,M0176,R02,Red,White,yellow,yellow,0.975,synthetic
I0177,M0177,R02,Black,Green,no_offence,no_offence,0.84,synthetic
I0178,M0178,R02,Green,White,no_offence,foul_no_card,0.837,synthetic
I0179,M0179,R02,Red,Gold,foul_no_card,no_offence,0.966,synthetic
I0180,M0180,R02,Red,Blue,foul_no_card,foul_no_card,0.924,synthetic
I0181,M0181,R02,Blue,Red,no_offence,no_offence,0.839,synthetic
I0182,M0182,R02,Red,Black,no_offence,no_offence,0.939,synthetic
I0183,M0183,R02,Black,Gold,foul_no_card,foul_no_card,0.925,synthetic
I0184,M0184,R02,Gold,Black,yellow,foul_no_card,0.669,synthetic
I0185,M0185,R02,Gold,White,yellow,red,0.93,synthetic
I0186,M0186,R02,Black,Green,no_offence,no_offence,0.972,synthetic
I0187,M0187,R02,Gold,Blue,yellow,yellow,0.823,synthetic
I0188,M0188,R02,Green,Red,yellow,red,0.953,synthetic
I0189,M0189,R02,Black,Red,no_offence,foul_no_card,0.944,synthetic
I0190,M0190,R02,Black,Blue,yellow,foul_no_card,0.906,synthetic
I0191,M0191,R02,Red,Blue,yellow,yellow,0.736,synthetic
I0192,M0192,R02,Red,Black,foul_no_card,foul_no_card,0.729,synthetic
I0193,M0193,R02,Black,Blue,yellow,yellow,0.902,synthetic
I0194,M0194,R02,Blue,Gold,yellow,foul_no_card,0.735,synthetic
I0195,M0195,R02,White,Black,foul_no_card,foul_no_card,0.77,synthetic
I0196,M0196,R02,Gold,White,yellow,yellow,0.832,synthetic
I0197,M0197,R02,Blue,Green,foul_no_card,foul_no_card,0.921,synthetic
I0198,M0198,R02,Black,Green,foul_no_card,foul_no_card,0.901,synthetic
I0199,M0199,R02,Gold,Blue,yellow,yellow,0.96,synthetic
I0200,M0200,R02,Black,Red,yellow,foul_no_card,0.952,synthetic
I0201,M0201,R02,Gold,White,yellow,yellow,0.861,synthetic
I0202,M0202,R02,Red,Gold,foul_no_card,no_offence,0.835,synthetic
I0203,M0203,R02,White,Green,yellow,yellow,0.91,synthetic
I0204,M0204,R02,Green,Blue,no_offence,foul_no_card,0.888,synthetic
I0205,M0205,R02,White,Blue,red,red,0.912,synthetic
I0206,M0206,R02,Red,White,yellow,yellow,0.955,synthetic
I0207,M0207,R02,Green,Blue,yellow,yellow,0.955,synthetic
I0208,M0208,R02,Black,White,yellow,yellow,0.925,synthetic
I0209,M0209,R02,White,Green,no_offence,no_offence,0.967,synthetic
I0210,M0210,R02,Green,Blue,no_offence,no_offence,0.831,synthetic
I0211,M0211,R02,White,Blue,no_offence,no_offence,0.893,synthetic
I0212,M0212,R02,Red,Green,foul_no_card,foul_no_card,0.915,synthetic
I0213,M0213,R02,Blue,Red,no_offence,no_offence,0.864,synthetic
I0214,M0214,R02,White,Gold,foul_no_card,foul_no_card,0.941,synthetic
I0215,M0215,R02,Blue,Green,foul_no_card,foul_no_card,0.898,synthetic
I0216,M0216,R02,White,Green,no_offence,no_offence,0.821,synthetic
I0217,M0217,R02,Green,Red,foul_no_card,yellow,0.839,synthetic
I0218,M0218,R02,Gold,White,no_offence,no_offence,0.9,synthetic
I0219,M0219,R02,White,Green,foul_no_card,no_offence,0.613,synthetic
I0220,M0220,R02,Blue,Green,foul_no_card,foul_no_card,0.887,synthetic
I0221,M0221,R02,Blue,Gold,no_offence,no_offence,0.919,synthetic
I0222,M0222,R02,White,Green,foul_no_card,no_offence,0.914,synthetic
I0223,M0223,R02,Black,Blue,foul_no_card,foul_no_card,0.873,synthetic
I0224,M0224,R02,Red,Blue,foul_no_card,foul_no_card,0.965,synthetic
I0225,M0225,R02,Green,White,foul_no_card,yellow,0.858,synthetic
I0226,M0226,R02,Red,Green,no_offence,no_offence,0.925,synthetic
I0227,M0227,R02,Red,Gold,foul_no_card,foul_no_card,0.929,synthetic
I0228,M0228,R02,Black,White,yellow,foul_no_card,0.89,synthetic
I0229,M0229,R02,Gold,White,no_offence,foul_no_card,0.876,synthetic
I0230,M0230,R02,Blue,Green,foul_no_card,foul_no_card,0.866,synthetic
I0231,M0231,R02,White,Blue,foul_no_card,foul_no_card,0.909,synthetic
I0232,M0232,R02,White,Blue,no_offence,foul_no_card,0.871,synthetic
I0233,M0233,R02,Gold,Black,no_offence,no_offence,0.964,synthetic
I0234,M0234,R02,Green,Blue,foul_no_card,foul_no_card,0.89,synthetic
I0235,M0235,R02,Gold,Black,foul_no_card,foul_no_card,0.865,synthetic
I0236,M0236,R02,Gold,Green,yellow,yellow,0.874,synthetic
I0237,M0237,R02,Green,Blue,foul_no_card,foul_no_card,0.956,synthetic
I0238,M0238,R02,Black,Red,foul_no_card,foul_no_card,0.876,synthetic
I0239,M0239,R02,White,Gold,no_offence,no_offence,0.909,synthetic
I0240,M0240,R02,White,Green,yellow,yellow,0.938,synthetic
I0241,M0241,R03,White,Black,no_offence,no_offence,0.823,synthetic
I0242,M0242,R03,Green,Red,red,red,0.851,synthetic
I0243,M0243,R03,Red,White,foul_no_card,no_offence,0.943,synthetic
I0244,M0244,R03,White,Black,no_offence,no_offence,0.841,synthetic
I0245,M0245,R03,Gold,Red,foul_no_card,no_offence,0.949,synthetic
I0246,M0246,R03,Red,Gold,no_offence,no_offence,0.975,synthetic
I0247,M0247,R03,Black,Green,foul_no_card,yellow,0.858,synthetic
I0248,M0248,R03,Gold,Red,yellow,foul_no_card,0.894,synthetic
I0249,M0249,R03,Green,Gold,foul_no_card,foul_no_card,0.852,synthetic
I0250,M0250,R03,Black,Red,yellow,yellow,0.879,synthetic
I0251,M0251,R03,Blue,Black,yellow,yellow,0.864,synthetic
I0252,M0252,R03,Black,Red,yellow,yellow,0.951,synthetic
I0253,M0253,R03,Green,Blue,foul_no_card,foul_no_card,0.882,synthetic
I0254,M0254,R03,Blue,Green,foul_no_card,foul_no_card,0.934,synthetic
I0255,M0255,R03,Green,Red,no_offence,no_offence,0.931,synthetic
I0256,M0256,R03,Red,Gold,foul_no_card,foul_no_card,0.651,synthetic
I0257,M0257,R03,Red,Black,yellow,yellow,0.944,synthetic
I0258,M0258,R03,Red,Green,no_offence,no_offence,0.92,synthetic
I0259,M0259,R03,Blue,White,yellow,yellow,0.921,synthetic
I0260,M0260,R03,Black,Red,yellow,yellow,0.666,synthetic
I0261,M0261,R03,Black,Gold,no_offence,no_offence,0.878,synthetic
I0262,M0262,R03,Black,White,yellow,foul_no_card,0.882,synthetic
I0263,M0263,R03,Gold,Blue,yellow,foul_no_card,0.823,synthetic
I0264,M0264,R03,Blue,Green,foul_no_card,foul_no_card,0.913,synthetic
I0265,M0265,R03,Green,Red,no_offence,no_offence,0.848,synthetic
I0266,M0266,R03,White,Gold,red,red,0.842,synthetic
I0267,M0267,R03,White,Gold,no_offence,no_offence,0.962,synthetic
I0268,M0268,R03,Green,White,yellow,foul_no_card,0.861,synthetic
I0269,M0269,R03,White,Red,no_offence,foul_no_card,0.715,synthetic
I0270,M0270,R03,Green,Blue,yellow,yellow,0.89,synthetic
I0271,M0271,R03,Gold,Green,red,red,0.968,synthetic
I0272,M0272,R03,Black,Green,yellow,yellow,0.706,synthetic
I0273,M0273,R03,Red,Black,foul_no_card,foul_no_card,0.867,synthetic
I0274,M0274,R03,Gold,Black,yellow,yellow,0.892,synthetic
I0275,M0275,R03,White,Green,foul_no_card,foul_no_card,0.947,synthetic
I0276,M0276,R03,Blue,White,yellow,yellow,0.94,synthetic
I0277,M0277,R03,Red,Blue,no_offence,no_offence,0.826,synthetic
I0278,M0278,R03,Blue,Red,yellow,yellow,0.911,synthetic
I0279,M0279,R03,Black,Red,red,yellow,0.942,synthetic
I0280,M0280,R03,Black,Red,foul_no_card,foul_no_card,0.86,synthetic
I0281,M0281,R03,Blue,White,yellow,yellow,0.91,synthetic
I0282,M0282,R03,Green,White,yellow,yellow,0.931,synthetic
I0283,M0283,R03,Gold,Red,foul_no_card,no_offence,0.964,synthetic
I0284,M0284,R03,Gold,Blue,red,yellow,0.927,synthetic
I0285,M0285,R03,White,Blue,foul_no_card,foul_no_card,0.845,synthetic
I0286,M0286,R03,White,Red,yellow,yellow,0.852,synthetic
I0287,M0287,R03,Red,White,yellow,yellow,0.879,synthetic
I0288,M0288,R03,Black,Red,foul_no_card,foul_no_card,0.98,synthetic
I0289,M0289,R03,White,Gold,no_offence,foul_no_card,0.832,synthetic
I0290,M0290,R03,Green,Blue,foul_no_card,foul_no_card,0.96,synthetic
I0291,M0291,R03,Black,White,foul_no_card,no_offence,0.966,synthetic
I0292,M0292,R03,Blue,White,foul_no_card,foul_no_card,0.97,synthetic
I0293,M0293,R03,Red,Green,yellow,yellow,0.833,synthetic
I0294,M0294,R03,Red,Black,foul_no_card,foul_no_card,0.835,synthetic
I0295,M0295,R03,White,Red,foul_no_card,foul_no_card,0.92,synthetic
I0296,M0296,R03,Black,Green,yellow,yellow,0.825,synthetic
I0297,M0297,R03,Blue,Black,foul_no_card,foul_no_card,0.919,synthetic
I0298,M0298,R03,Blue,Gold,yellow,yellow,0.868,synthetic
I0299,M0299,R03,Red,Gold,foul_no_card,foul_no_card,0.68,synthetic
I0300,M0300,R03,Gold,White,foul_no_card,foul_no_card,0.935,synthetic
I0301,M0301,R03,White,Green,red,red,0.91,synthetic
I0302,M0302,R03,Green,Red,foul_no_card,foul_no_card,0.835,synthetic
I0303,M0303,R03,Green,Gold,yellow,yellow,0.964,synthetic
I0304,M0304,R03,Green,Black,yellow,yellow,0.979,synthetic
I0305,M0305,R03,Gold,White,yellow,yellow,0.883,synthetic
I0306,M0306,R03,Gold,Red,foul_no_card,foul_no_card,0.689,synthetic
I0307,M0307,R03,White,Gold,foul_no_card,foul_no_card,0.841,synthetic
I0308,M0308,R03,Green,White,yellow,yellow,0.911,synthetic
I0309,M0309,R03,Red,Green,foul_no_card,foul_no_card,0.942,synthetic
I0310,M0310,R03,Green,Black,yellow,yellow,0.883,synthetic
I0311,M0311,R03,Green,Black,yellow,yellow,0.901,synthetic
I0312,M0312,R03,Black,Blue,no_offence,no_offence,0.896,synthetic
I0313,M0313,R03,Gold,Red,foul_no_card,foul_no_card,0.918,synthetic
I0314,M0314,R03,Red,Gold,red,red,0.874,synthetic
I0315,M0315,R03,Black,White,foul_no_card,foul_no_card,0.823,synthetic
I0316,M0316,R03,Green,Blue,red,red,0.936,synthetic
I0317,M0317,R03,White,Blue,foul_no_card,foul_no_card,0.976,synthetic
I0318,M0318,R03,Black,White,foul_no_card,foul_no_card,0.904,synthetic
I0319,M0319,R03,White,Black,yellow,yellow,0.859,synthetic
I0320,M0320,R03,Black,Blue,no_offence,no_offence,0.886,synthetic
I0321,M0321,R03,Red,Gold,foul_no_card,foul_no_card,0.956,synthetic
I0322,M0322,R03,White,Blue,yellow,yellow,0.98,synthetic
I0323,M0323,R03,Gold,Black,yellow,foul_no_card,0.905,synthetic
I0324,M0324,R03,Black,Green,foul_no_card,yellow,0.949,synthetic
I0325,M0325,R03,Green,Black,yellow,foul_no_card,0.868,synthetic
I0326,M0326,R03,Green,White,yellow,yellow,0.897,synthetic
I0327,M0327,R03,Black,Green,foul_no_card,foul_no_card,0.963,synthetic
I0328,M0328,R03,Gold,Green,yellow,red,0.866,synthetic
I0329,M0329,R03,White,Blue,foul_no_card,foul_no_card,0.897,synthetic
I0330,M0330,R03,Red,Black,foul_no_card,foul_no_card,0.837,synthetic
I0331,M0331,R03,White,Black,foul_no_card,foul_no_card,0.856,synthetic
I0332,M0332,R03,Red,Blue,no_offence,no_offence,0.929,synthetic
I0333,M0333,R03,Red,Blue,yellow,red,0.924,synthetic
I0334,M0334,R03,Gold,White,yellow,yellow,0.866,synthetic
I0335,M0335,R03,Blue,White,yellow,yellow,0.956,synthetic
I0336,M0336,R03,Blue,Red,no_offence,foul_no_card,0.826,synthetic
I0337,M0337,R03,Gold,White,no_offence,no_offence,0.866,synthetic
I0338,M0338,R03,Blue,White,foul_no_card,foul_no_card,0.874,synthetic
I0339,M0339,R03,Gold,Black,yellow,foul_no_card,0.901,synthetic
I0340,M0340,R03,Green,Red,yellow,yellow,0.924,synthetic
I0341,M0341,R03,White,Red,no_offence,no_offence,0.928,synthetic
I0342,M0342,R03,Red,White,foul_no_card,foul_no_card,0.888,synthetic
I0343,M0343,R03,Green,Blue,foul_no_card,foul_no_card,0.896,synthetic
I0344,M0344,R03,Red,Blue,foul_no_card,foul_no_card,0.973,synthetic
I0345,M0345,R03,Green,Black,yellow,yellow,0.931,synthetic
I0346,M0346,R03,Blue,White,foul_no_card,foul_no_card,0.968,synthetic
I0347,M0347,R03,White,Green,yellow,yellow,0.879,synthetic
I0348,M0348,R03,Red,White,red,red,0.978,synthetic
I0349,M0349,R03,Green,Gold,red,yellow,0.948,synthetic
I0350,M0350,R03,Red,White,yellow,yellow,0.904,synthetic
I0351,M0351,R03,Black,Green,no_offence,no_offence,0.698,synthetic
I0352,M0352,R03,Black,Red,foul_no_card,foul_no_card,0.903,synthetic
I0353,M0353,R03,Blue,Red,yellow,yellow,0.891,synthetic
I0354,M0354,R03,Blue,Gold,no_offence,no_offence,0.909,synthetic
I0355,M0355,R03,White,Green,yellow,yellow,0.939,synthetic
I0356,M0356,R03,Black,Blue,no_offence,no_offence,0.769,synthetic
I0357,M0357,R03,Blue,Gold,no_offence,no_offence,0.943,synthetic
I0358,M0358,R03,White,Gold,yellow,foul_no_card,0.967,synthetic
I0359,M0359,R03,Gold,White,foul_no_card,no_offence,0.841,synthetic
I0360,M0360,R03,Green,Blue,no_offence,no_offence,0.936,synthetic
I0361,M0361,R04,Blue,Green,foul_no_card,yellow,0.967,synthetic
I0362,M0362,R04,Blue,Red,foul_no_card,yellow,0.978,synthetic
I0363,M0363,R04,Blue,Black,foul_no_card,yellow,0.954,synthetic
I0364,M0364,R04,Blue,White,foul_no_card,yellow,0.934,synthetic
I0365,M0365,R04,Blue,Black,foul_no_card,yellow,0.966,synthetic
I0366,M0366,R04,Blue,Green,foul_no_card,yellow,0.937,synthetic
I0367,M0367,R04,Blue,Green,foul_no_card,yellow,0.922,synthetic
I0368,M0368,R04,Blue,Red,foul_no_card,yellow,0.903,synthetic
I0369,M0369,R04,Blue,Black,foul_no_card,yellow,0.949,synthetic
I0370,M0370,R04,Blue,Red,foul_no_card,yellow,0.919,synthetic
I0371,M0371,R04,Blue,Red,foul_no_card,yellow,0.908,synthetic
I0372,M0372,R04,Blue,Red,foul_no_card,yellow,0.936,synthetic
I0373,M0373,R04,Blue,Red,foul_no_card,yellow,0.92,synthetic
I0374,M0374,R04,Blue,Red,foul_no_card,yellow,0.932,synthetic
I0375,M0375,R04,Blue,Green,foul_no_card,yellow,0.943,synthetic
I0376,M0376,R04,Blue,Red,foul_no_card,yellow,0.911,synthetic
I0377,M0377,R04,Blue,Gold,foul_no_card,yellow,0.919,synthetic
I0378,M0378,R04,Blue,White,foul_no_card,yellow,0.926,synthetic
I0379,M0379,R04,Blue,White,foul_no_card,yellow,0.962,synthetic
I0380,M0380,R04,Blue,Gold,foul_no_card,yellow,0.919,synthetic
I0381,M0381,R04,Blue,Green,red,yellow,0.979,synthetic
I0382,M0382,R04,Blue,White,red,yellow,0.918,synthetic
I0383,M0383,R04,Blue,Gold,yellow,yellow,0.922,synthetic
I0384,M0384,R04,Blue,White,yellow,yellow,0.976,synthetic
I0385,M0385,R04,Blue,Green,yellow,yellow,0.95,synthetic
I0386,M0386,R04,Blue,Black,yellow,yellow,0.944,synthetic
I0387,M0387,R04,Blue,Red,yellow,yellow,0.978,synthetic
I0388,M0388,R04,Blue,Black,yellow,yellow,0.963,synthetic
I0389,M0389,R04,Blue,Gold,yellow,yellow,0.956,synthetic
I0390,M0390,R04,Blue,Black,yellow,yellow,0.912,synthetic
I0391,M0391,R04,Blue,Black,yellow,yellow,0.915,synthetic
I0392,M0392,R04,Blue,White,yellow,yellow,0.938,synthetic
I0393,M0393,R04,Blue,Green,yellow,yellow,0.924,synthetic
I0394,M0394,R04,Blue,Green,yellow,yellow,0.964,synthetic
I0395,M0395,R04,Blue,Red,yellow,yellow,0.945,synthetic
I0396,M0396,R04,Blue,Black,yellow,yellow,0.945,synthetic
I0397,M0397,R04,Blue,Green,yellow,yellow,0.931,synthetic
I0398,M0398,R04,Blue,Gold,yellow,yellow,0.916,synthetic
I0399,M0399,R04,Blue,Red,yellow,yellow,0.974,synthetic
I0400,M0400,R04,Blue,Gold,yellow,yellow,0.907,synthetic
I0401,M0401,R04,Blue,Green,yellow,yellow,0.904,synthetic
I0402,M0402,R04,Blue,Black,yellow,yellow,0.954,synthetic
I0403,M0403,R04,Blue,White,yellow,yellow,0.903,synthetic
I0404,M0404,R04,Blue,Red,yellow,yellow,0.915,synthetic
I0405,M0405,R04,Blue,White,yellow,yellow,0.958,synthetic
I0406,M0406,R04,Blue,White,yellow,yellow,0.917,synthetic
I0407,M0407,R04,Blue,Green,yellow,yellow,0.97,synthetic
I0408,M0408,R04,Blue,Gold,yellow,yellow,0.924,synthetic
I0409,M0409,R04,Blue,Red,yellow,yellow,0.917,synthetic
I0410,M0410,R04,Blue,Green,yellow,yellow,0.977,synthetic
I0411,M0411,R04,Blue,Red,yellow,yellow,0.96,synthetic
I0412,M0412,R04,Blue,Black,yellow,yellow,0.973,synthetic
I0413,M0413,R04,Blue,White,yellow,yellow,0.956,synthetic
I0414,M0414,R04,Blue,Black,yellow,yellow,0.973,synthetic
I0415,M0415,R04,Blue,White,yellow,yellow,0.926,synthetic
I0416,M0416,R04,Blue,Gold,yellow,yellow,0.93,synthetic
I0417,M0417,R04,Blue,White,yellow,yellow,0.952,synthetic
I0418,M0418,R04,Blue,Gold,yellow,yellow,0.921,synthetic
I0419,M0419,R04,Blue,White,yellow,yellow,0.971,synthetic
I0420,M0420,R04,Blue,Black,yellow,yellow,0.908,synthetic
I0421,M0421,R04,Red,Green,yellow,yellow,0.87,synthetic
I0422,M0422,R04,Gold,Green,no_offence,no_offence,0.935,synthetic
I0423,M0423,R04,Gold,White,foul_no_card,foul_no_card,0.908,synthetic
I0424,M0424,R04,White,Black,foul_no_card,foul_no_card,0.842,synthetic
I0425,M0425,R04,Red,White,yellow,red,0.954,synthetic
I0426,M0426,R04,Green,Black,no_offence,no_offence,0.634,synthetic
I0427,M0427,R04,Black,Red,foul_no_card,foul_no_card,0.897,synthetic
I0428,M0428,R04,Gold,Red,foul_no_card,foul_no_card,0.864,synthetic
I0429,M0429,R04,Green,White,red,yellow,0.835,synthetic
I0430,M0430,R04,Gold,Black,no_offence,foul_no_card,0.884,synthetic
I0431,M0431,R04,Red,White,foul_no_card,foul_no_card,0.952,synthetic
I0432,M0432,R04,Green,Red,foul_no_card,foul_no_card,0.612,synthetic
I0433,M0433,R04,White,Red,foul_no_card,foul_no_card,0.976,synthetic
I0434,M0434,R04,Red,Gold,yellow,yellow,0.863,synthetic
I0435,M0435,R04,Green,White,yellow,yellow,0.823,synthetic
I0436,M0436,R04,Black,Gold,yellow,yellow,0.911,synthetic
I0437,M0437,R04,Gold,Red,yellow,yellow,0.729,synthetic
I0438,M0438,R04,White,Black,foul_no_card,foul_no_card,0.918,synthetic
I0439,M0439,R04,White,Black,no_offence,foul_no_card,0.857,synthetic
I0440,M0440,R04,Green,Red,yellow,yellow,0.919,synthetic
I0441,M0441,R04,Gold,White,no_offence,no_offence,0.938,synthetic
I0442,M0442,R04,Green,Red,no_offence,no_offence,0.863,synthetic
I0443,M0443,R04,Gold,Red,foul_no_card,foul_no_card,0.824,synthetic
I0444,M0444,R04,Red,Green,foul_no_card,yellow,0.676,synthetic
I0445,M0445,R04,Black,Green,no_offence,no_offence,0.868,synthetic
I0446,M0446,R04,Gold,Green,foul_no_card,foul_no_card,0.832,synthetic
I0447,M0447,R04,Black,Gold,foul_no_card,foul_no_card,0.869,synthetic
I0448,M0448,R04,White,Green,yellow,yellow,0.95,synthetic
I0449,M0449,R04,Black,Gold,foul_no_card,foul_no_card,0.848,synthetic
I0450,M0450,R04,Black,Gold,yellow,red,0.865,synthetic
I0451,M0451,R04,Red,Black,foul_no_card,no_offence,0.943,synthetic
I0452,M0452,R04,Black,White,foul_no_card,foul_no_card,0.951,synthetic
I0453,M0453,R04,Red,Black,foul_no_card,foul_no_card,0.946,synthetic
I0454,M0454,R04,Black,Red,foul_no_card,foul_no_card,0.959,synthetic
I0455,M0455,R04,Gold,Green,yellow,foul_no_card,0.86,synthetic
I0456,M0456,R04,Gold,Black,foul_no_card,no_offence,0.884,synthetic
I0457,M0457,R04,White,Green,no_offence,no_offence,0.909,synthetic
I0458,M0458,R04,Gold,Red,no_offence,foul_no_card,0.9,synthetic
I0459,M0459,R04,Green,Gold,yellow,foul_no_card,0.953,synthetic
I0460,M0460,R04,Black,White,foul_no_card,foul_no_card,0.896,synthetic
I0461,M0461,R04,Red,Green,no_offence,foul_no_card,0.956,synthetic
I0462,M0462,R04,Black,Green,foul_no_card,foul_no_card,0.888,synthetic
I0463,M0463,R04,Green,Black,no_offence,no_offence,0.938,synthetic
I0464,M0464,R04,Red,White,foul_no_card,foul_no_card,0.94,synthetic
I0465,M0465,R04,Black,Gold,foul_no_card,foul_no_card,0.927,synthetic
I0466,M0466,R04,White,Green,foul_no_card,foul_no_card,0.955,synthetic
I0467,M0467,R04,Green,Gold,yellow,yellow,0.87,synthetic
I0468,M0468,R04,White,Black,foul_no_card,foul_no_card,0.915,synthetic
I0469,M0469,R04,Green,White,foul_no_card,foul_no_card,0.969,synthetic
I0470,M0470,R04,Gold,Red,no_offence,no_offence,0.829,synthetic
I0471,M0471,R04,Black,White,no_offence,no_offence,0.924,synthetic
I0472,M0472,R04,Gold,Red,foul_no_card,foul_no_card,0.732,synthetic
I0473,M0473,R04,Black,Red,foul_no_card,foul_no_card,0.939,synthetic
I0474,M0474,R04,Red,Black,foul_no_card,foul_no_card,0.907,synthetic
I0475,M0475,R04,Gold,Red,red,red,0.94,synthetic
I0476,M0476,R04,Green,White,no_offence,foul_no_card,0.979,synthetic
I0477,M0477,R04,White,Green,foul_no_card,yellow,0.889,synthetic
I0478,M0478,R04,Green,Gold,yellow,yellow,0.915,synthetic
I0479,M0479,R04,Red,Green,foul_no_card,foul_no_card,0.978,synthetic
I0480,M0480,R04,Green,White,yellow,red,0.959,synthetic
I0481,M0481,R05,White,Green,foul_no_card,yellow,0.898,synthetic
I0482,M0482,R05,Black,Green,foul_no_card,foul_no_card,0.737,synthetic
I0483,M0483,R05,Blue,Gold,foul_no_card,foul_no_card,0.879,synthetic
I0484,M0484,R05,Gold,Green,no_offence,foul_no_card,0.835,synthetic
I0485,M0485,R05,Gold,Green,foul_no_card,yellow,0.975,synthetic
I0486,M0486,R05,Red,Gold,no_offence,foul_no_card,0.912,synthetic
I0487,M0487,R05,Black,Gold,red,yellow,0.827,synthetic
I0488,M0488,R05,White,Gold,foul_no_card,no_offence,0.893,synthetic
I0489,M0489,R05,Gold,Red,yellow,red,0.868,synthetic
I0490,M0490,R05,Green,Blue,yellow,yellow,0.965,synthetic
I0491,M0491,R05,Red,Blue,foul_no_card,foul_no_card,0.857,synthetic
I0492,M0492,R05,White,Blue,yellow,yellow,0.841,synthetic
I0493,M0493,R05,Red,Black,yellow,yellow,0.951,synthetic
I0494,M0494,R05,Gold,Red,foul_no_card,foul_no_card,0.949,synthetic
I0495,M0495,R05,Blue,Green,foul_no_card,foul_no_card,0.95,synthetic
I0496,M0496,R05,Red,White,no_offence,no_offence,0.846,synthetic
I0497,M0497,R05,Green,Red,foul_no_card,foul_no_card,0.93,synthetic
I0498,M0498,R05,Red,Blue,yellow,yellow,0.937,synthetic
I0499,M0499,R05,Green,Gold,foul_no_card,foul_no_card,0.833,synthetic
I0500,M0500,R05,Black,White,foul_no_card,foul_no_card,0.93,synthetic
I0501,M0501,R05,White,Green,foul_no_card,foul_no_card,0.883,synthetic
I0502,M0502,R05,White,Blue,foul_no_card,yellow,0.882,synthetic
I0503,M0503,R05,Red,Gold,foul_no_card,foul_no_card,0.822,synthetic
I0504,M0504,R05,Green,White,foul_no_card,no_offence,0.878,synthetic
I0505,M0505,R05,White,Red,red,yellow,0.823,synthetic
I0506,M0506,R05,Blue,White,foul_no_card,foul_no_card,0.736,synthetic
I0507,M0507,R05,Black,Green,foul_no_card,foul_no_card,0.932,synthetic
I0508,M0508,R05,Blue,Black,foul_no_card,foul_no_card,0.833,synthetic
I0509,M0509,R05,Red,White,foul_no_card,foul_no_card,0.954,synthetic
I0510,M0510,R05,White,Blue,foul_no_card,foul_no_card,0.858,synthetic
I0511,M0511,R05,Red,Blue,yellow,yellow,0.829,synthetic
I0512,M0512,R05,White,Red,no_offence,no_offence,0.846,synthetic
I0513,M0513,R05,Green,Black,no_offence,foul_no_card,0.879,synthetic
I0514,M0514,R05,White,Green,yellow,yellow,0.874,synthetic
I0515,M0515,R05,Gold,Green,foul_no_card,foul_no_card,0.92,synthetic
I0516,M0516,R05,Gold,White,foul_no_card,foul_no_card,0.847,synthetic
I0517,M0517,R05,Red,Green,red,yellow,0.838,synthetic
I0518,M0518,R05,White,Black,foul_no_card,no_offence,0.617,synthetic
I0519,M0519,R05,Green,Gold,yellow,yellow,0.826,synthetic
I0520,M0520,R05,White,Gold,foul_no_card,foul_no_card,0.871,synthetic
I0521,M0521,R05,Blue,Black,foul_no_card,foul_no_card,0.849,synthetic
I0522,M0522,R05,Black,Blue,red,red,0.865,synthetic
I0523,M0523,R05,Green,White,no_offence,no_offence,0.867,synthetic
I0524,M0524,R05,Green,Black,foul_no_card,foul_no_card,0.98,synthetic
I0525,M0525,R05,Red,Black,yellow,yellow,0.676,synthetic
I0526,M0526,R05,Red,Black,no_offence,foul_no_card,0.972,synthetic
I0527,M0527,R05,Blue,Gold,yellow,yellow,0.905,synthetic
I0528,M0528,R05,Red,Gold,foul_no_card,foul_no_card,0.934,synthetic
I0529,M0529,R05,Blue,White,red,yellow,0.932,synthetic
I0530,M0530,R05,Green,Gold,red,red,0.841,synthetic
I0531,M0531,R05,Gold,Blue,foul_no_card,foul_no_card,0.841,synthetic
I0532,M0532,R05,Green,White,red,yellow,0.953,synthetic
I0533,M0533,R05,Green,White,foul_no_card,foul_no_card,0.842,synthetic
I0534,M0534,R05,Black,Blue,no_offence,no_offence,0.885,synthetic
I0535,M0535,R05,Black,Green,red,red,0.862,synthetic
I0536,M0536,R05,Blue,White,no_offence,no_offence,0.932,synthetic
I0537,M0537,R05,Blue,Red,yellow,yellow,0.86,synthetic
I0538,M0538,R05,Green,Gold,foul_no_card,foul_no_card,0.979,synthetic
I0539,M0539,R05,Blue,Gold,yellow,yellow,0.835,synthetic
I0540,M0540,R05,Blue,Red,no_offence,no_offence,0.856,synthetic
I0541,M0541,R05,Red,Gold,foul_no_card,foul_no_card,0.913,synthetic
I0542,M0542,R05,Green,Blue,no_offence,no_offence,0.891,synthetic
I0543,M0543,R05,Red,Blue,foul_no_card,yellow,0.827,synthetic
I0544,M0544,R05,Gold,Blue,no_offence,no_offence,0.883,synthetic
I0545,M0545,R05,Blue,Gold,yellow,yellow,0.85,synthetic
I0546,M0546,R05,Green,Gold,yellow,yellow,0.859,synthetic
I0547,M0547,R05,Green,Gold,foul_no_card,foul_no_card,0.655,synthetic
I0548,M0548,R05,Red,Gold,foul_no_card,no_offence,0.921,synthetic
I0549,M0549,R05,Black,Blue,yellow,red,0.907,synthetic
I0550,M0550,R05,Gold,Green,yellow,yellow,0.849,synthetic
I0551,M0551,R05,Green,Black,yellow,foul_no_card,0.829,synthetic
I0552,M0552,R05,Gold,Black,foul_no_card,foul_no_card,0.846,synthetic
I0553,M0553,R05,Red,White,no_offence,foul_no_card,0.829,synthetic
I0554,M0554,R05,Red,Black,foul_no_card,yellow,0.954,synthetic
I0555,M0555,R05,Red,White,foul_no_card,foul_no_card,0.877,synthetic
I0556,M0556,R05,Black,Blue,yellow,yellow,0.843,synthetic
I0557,M0557,R05,Red,Gold,foul_no_card,foul_no_card,0.619,synthetic
I0558,M0558,R05,Black,Red,no_offence,no_offence,0.918,synthetic
I0559,M0559,R05,Red,Green,red,yellow,0.872,synthetic
I0560,M0560,R05,Blue,Red,yellow,foul_no_card,0.955,synthetic
I0561,M0561,R05,Green,Blue,yellow,foul_no_card,0.836,synthetic
I0562,M0562,R05,Green,White,no_offence,no_offence,0.947,synthetic
I0563,M0563,R05,Gold,Green,foul_no_card,no_offence,0.969,synthetic
I0564,M0564,R05,Green,Red,foul_no_card,yellow,0.937,synthetic
I0565,M0565,R05,Green,Red,no_offence,no_offence,0.912,synthetic
I0566,M0566,R05,Black,Blue,no_offence,no_offence,0.918,synthetic
I0567,M0567,R05,White,Black,no_offence,no_offence,0.832,synthetic
I0568,M0568,R05,Green,White,foul_no_card,no_offence,0.933,synthetic
I0569,M0569,R05,White,Green,foul_no_card,foul_no_card,0.831,synthetic
I0570,M0570,R05,Green,Blue,yellow,yellow,0.887,synthetic
I0571,M0571,R05,Red,Gold,foul_no_card,foul_no_card,0.836,synthetic
I0572,M0572,R05,Gold,Black,yellow,yellow,0.832,synthetic
I0573,M0573,R05,Blue,Green,no_offence,no_offence,0.875,synthetic
I0574,M0574,R05,Gold,Red,yellow,yellow,0.835,synthetic
I0575,M0575,R05,Black,White,yellow,yellow,0.925,synthetic
I0576,M0576,R05,Black,Gold,no_offence,no_offence,0.85,synthetic
I0577,M0577,R05,White,Black,yellow,yellow,0.865,synthetic
I0578,M0578,R05,Red,Blue,no_offence,no_offence,0.845,synthetic
I0579,M0579,R05,Green,Blue,foul_no_card,foul_no_card,0.916,synthetic
I0580,M0580,R05,Red,Blue,no_offence,no_offence,0.833,synthetic
I0581,M0581,R05,Blue,Green,yellow,yellow,0.862,synthetic
I0582,M0582,R05,White,Black,foul_no_card,foul_no_card,0.85,synthetic
I0583,M0583,R05,Blue,Green,foul_no_card,foul_no_card,0.91,synthetic
I0584,M0584,R05,Red,Blue,no_offence,no_offence,0.975,synthetic
I0585,M0585,R05,Black,Red,no_offence,foul_no_card,0.887,synthetic
I0586,M0586,R05,Black,Gold,foul_no_card,foul_no_card,0.883,synthetic
I0587,M0587,R05,White,Blue,yellow,foul_no_card,0.928,synthetic
I0588,M0588,R05,Black,Red,no_offence,no_offence,0.977,synthetic
I0589,M0589,R05,Red,White,no_offence,no_offence,0.89,synthetic
I0590,M0590,R05,White,Red,yellow,yellow,0.966,synthetic
I0591,M0591,R05,Blue,White,foul_no_card,foul_no_card,0.864,synthetic
I0592,M0592,R05,Gold,Blue,yellow,yellow,0.887,synthetic
I0593,M0593,R05,Gold,Red,no_offence,no_offence,0.97,synthetic
I0594,M0594,R05,Blue,Black,foul_no_card,yellow,0.961,synthetic
I0595,M0595,R05,Gold,Green,foul_no_card,foul_no_card,0.826,synthetic
I0596,M0596,R05,Green,Gold,no_offence,no_offence,0.826,synthetic
I0597,M0597,R05,Green,Red,no_offence,no_offence,0.88,synthetic
I0598,M0598,R05,Green,White,no_offence,foul_no_card,0.93,synthetic
I0599,M0599,R05,Red,White,foul_no_card,foul_no_card,0.871,synthetic
I0600,M0600,R05,White,Gold,foul_no_card,foul_no_card,0.966,synthetic
I0601,M0601,R06,Gold,White,foul_no_card,yellow,0.902,synthetic
I0602,M0602,R06,Red,Blue,foul_no_card,foul_no_card,0.956,synthetic
I0603,M0603,R06,Black,Blue,foul_no_card,no_offence,0.829,synthetic
I0604,M0604,R06,Blue,Gold,no_offence,no_offence,0.879,synthetic
I0605,M0605,R06,Gold,Black,yellow,foul_no_card,0.859,synthetic
I0606,M0606,R06,Gold,Black,yellow,foul_no_card,0.908,synthetic
I0607,M0607,R06,Green,Red,yellow,yellow,0.834,synthetic
I0608,M0608,R06,Blue,Gold,foul_no_card,no_offence,0.854,synthetic
I0609,M0609,R06,Red,White,yellow,yellow,0.823,synthetic
I0610,M0610,R06,White,Blue,foul_no_card,foul_no_card,0.948,synthetic
I0611,M0611,R06,Red,Green,yellow,foul_no_card,0.933,synthetic
I0612,M0612,R06,Green,Gold,foul_no_card,yellow,0.855,synthetic
I0613,M0613,R06,Green,Black,yellow,yellow,0.902,synthetic
I0614,M0614,R06,White,Green,foul_no_card,foul_no_card,0.93,synthetic
I0615,M0615,R06,Gold,Blue,foul_no_card,foul_no_card,0.864,synthetic
I0616,M0616,R06,White,Green,no_offence,no_offence,0.829,synthetic
I0617,M0617,R06,Black,Gold,yellow,yellow,0.925,synthetic
I0618,M0618,R06,Green,White,yellow,yellow,0.913,synthetic
I0619,M0619,R06,Black,Red,foul_no_card,foul_no_card,0.922,synthetic
I0620,M0620,R06,Gold,Green,no_offence,foul_no_card,0.96,synthetic
I0621,M0621,R06,Red,Green,no_offence,no_offence,0.949,synthetic
I0622,M0622,R06,Red,Green,yellow,yellow,0.959,synthetic
I0623,M0623,R06,Gold,Green,foul_no_card,foul_no_card,0.839,synthetic
I0624,M0624,R06,Blue,Black,foul_no_card,foul_no_card,0.851,synthetic
I0625,M0625,R06,Blue,Gold,foul_no_card,foul_no_card,0.844,synthetic
I0626,M0626,R06,Red,Green,foul_no_card,foul_no_card,0.893,synthetic
I0627,M0627,R06,Green,Red,yellow,yellow,0.848,synthetic
I0628,M0628,R06,White,Blue,no_offence,no_offence,0.847,synthetic
I0629,M0629,R06,Red,Gold,foul_no_card,yellow,0.889,synthetic
I0630,M0630,R06,Gold,White,foul_no_card,foul_no_card,0.695,synthetic
I0631,M0631,R06,White,Green,yellow,red,0.905,synthetic
I0632,M0632,R06,Blue,White,foul_no_card,foul_no_card,0.875,synthetic
I0633,M0633,R06,Red,Blue,foul_no_card,foul_no_card,0.952,synthetic
I0634,M0634,R06,Green,White,foul_no_card,foul_no_card,0.889,synthetic
I0635,M0635,R06,White,Red,yellow,foul_no_card,0.85,synthetic
I0636,M0636,R06,Gold,Blue,foul_no_card,foul_no_card,0.937,synthetic
I0637,M0637,R06,Black,White,no_offence,no_offence,0.826,synthetic
I0638,M0638,R06,White,Green,yellow,yellow,0.828,synthetic
I0639,M0639,R06,Blue,White,no_offence,no_offence,0.84,synthetic
I0640,M0640,R06,Green,Gold,yellow,yellow,0.821,synthetic
I0641,M0641,R06,Gold,Blue,yellow,yellow,0.842,synthetic
I0642,M0642,R06,Blue,Black,yellow,yellow,0.837,synthetic
I0643,M0643,R06,Red,Black,no_offence,no_offence,0.852,synthetic
I0644,M0644,R06,White,Gold,foul_no_card,foul_no_card,0.853,synthetic
I0645,M0645,R06,Gold,Green,foul_no_card,foul_no_card,0.838,synthetic
I0646,M0646,R06,Black,Gold,no_offence,no_offence,0.936,synthetic
I0647,M0647,R06,Blue,Green,foul_no_card,foul_no_card,0.862,synthetic
I0648,M0648,R06,Blue,White,foul_no_card,yellow,0.878,synthetic
I0649,M0649,R06,White,Green,foul_no_card,foul_no_card,0.962,synthetic
I0650,M0650,R06,Blue,Red,yellow,yellow,0.89,synthetic
I0651,M0651,R06,Black,Green,yellow,yellow,0.849,synthetic
I0652,M0652,R06,Gold,White,red,red,0.956,synthetic
I0653,M0653,R06,Gold,Red,no_offence,no_offence,0.761,synthetic
I0654,M0654,R06,Red,Blue,foul_no_card,foul_no_card,0.929,synthetic
I0655,M0655,R06,Red,Black,foul_no_card,foul_no_card,0.72,synthetic
I0656,M0656,R06,White,Red,foul_no_card,foul_no_card,0.891,synthetic
I0657,M0657,R06,Blue,Green,yellow,yellow,0.904,synthetic
I0658,M0658,R06,White,Black,yellow,yellow,0.96,synthetic
I0659,M0659,R06,Black,White,yellow,yellow,0.936,synthetic
I0660,M0660,R06,Gold,Green,yellow,yellow,0.952,synthetic
I0661,M0661,R06,Black,Blue,foul_no_card,no_offence,0.895,synthetic
I0662,M0662,R06,Gold,Red,no_offence,no_offence,0.975,synthetic
I0663,M0663,R06,Blue,Black,foul_no_card,foul_no_card,0.858,synthetic
I0664,M0664,R06,Gold,White,yellow,yellow,0.892,synthetic
I0665,M0665,R06,Blue,Gold,yellow,yellow,0.826,synthetic
I0666,M0666,R06,Black,Blue,foul_no_card,yellow,0.922,synthetic
I0667,M0667,R06,Black,White,foul_no_card,foul_no_card,0.878,synthetic
I0668,M0668,R06,Blue,Red,yellow,yellow,0.916,synthetic
I0669,M0669,R06,White,Green,yellow,yellow,0.855,synthetic
I0670,M0670,R06,Green,White,red,yellow,0.904,synthetic
I0671,M0671,R06,White,Blue,no_offence,no_offence,0.935,synthetic
I0672,M0672,R06,White,Gold,no_offence,no_offence,0.969,synthetic
I0673,M0673,R06,Gold,Red,no_offence,foul_no_card,0.837,synthetic
I0674,M0674,R06,Gold,Blue,foul_no_card,yellow,0.944,synthetic
I0675,M0675,R06,Gold,White,red,yellow,0.9,synthetic
I0676,M0676,R06,Black,Blue,foul_no_card,foul_no_card,0.968,synthetic
I0677,M0677,R06,Red,Black,foul_no_card,no_offence,0.925,synthetic
I0678,M0678,R06,Black,Green,foul_no_card,foul_no_card,0.967,synthetic
I0679,M0679,R06,Red,Green,foul_no_card,foul_no_card,0.949,synthetic
I0680,M0680,R06,Red,Gold,yellow,foul_no_card,0.955,synthetic
I0681,M0681,R06,Black,Green,red,yellow,0.852,synthetic
I0682,M0682,R06,Black,Green,red,yellow,0.934,synthetic
I0683,M0683,R06,Red,Black,foul_no_card,foul_no_card,0.942,synthetic
I0684,M0684,R06,Black,Gold,yellow,foul_no_card,0.928,synthetic
I0685,M0685,R06,Black,Green,yellow,yellow,0.627,synthetic
I0686,M0686,R06,Gold,Red,no_offence,no_offence,0.946,synthetic
I0687,M0687,R06,Green,White,no_offence,no_offence,0.853,synthetic
I0688,M0688,R06,Black,Blue,foul_no_card,foul_no_card,0.928,synthetic
I0689,M0689,R06,Black,Red,yellow,yellow,0.945,synthetic
I0690,M0690,R06,White,Green,yellow,yellow,0.887,synthetic
I0691,M0691,R06,White,Green,red,red,0.852,synthetic
I0692,M0692,R06,Gold,Red,yellow,yellow,0.941,synthetic
I0693,M0693,R06,Black,White,no_offence,no_offence,0.892,synthetic
I0694,M0694,R06,White,Blue,no_offence,no_offence,0.88,synthetic
I0695,M0695,R06,Gold,Green,foul_no_card,foul_no_card,0.861,synthetic
I0696,M0696,R06,Green,Gold,yellow,yellow,0.872,synthetic
I0697,M0697,R06,Blue,Black,yellow,yellow,0.908,synthetic
I0698,M0698,R06,Blue,Green,yellow,foul_no_card,0.946,synthetic
I0699,M0699,R06,Red,Gold,foul_no_card,foul_no_card,0.961,synthetic
I0700,M0700,R06,White,Green,foul_no_card,foul_no_card,0.919,synthetic
I0701,M0701,R06,Gold,Black,red,yellow,0.717,synthetic
I0702,M0702,R06,Gold,Red,yellow,yellow,0.973,synthetic
I0703,M0703,R06,White,Green,no_offence,foul_no_card,0.861,synthetic
I0704,M0704,R06,White,Green,no_offence,no_offence,0.902,synthetic
I0705,M0705,R06,Black,Gold,foul_no_card,foul_no_card,0.871,synthetic
I0706,M0706,R06,Blue,White,foul_no_card,no_offence,0.821,synthetic
I0707,M0707,R06,Blue,Red,foul_no_card,yellow,0.888,synthetic
I0708,M0708,R06,Blue,Red,foul_no_card,foul_no_card,0.944,synthetic
I0709,M0709,R06,White,Blue,yellow,yellow,0.873,synthetic
I0710,M0710,R06,Blue,White,foul_no_card,no_offence,0.912,synthetic
I0711,M0711,R06,Red,Green,foul_no_card,foul_no_card,0.871,synthetic
I0712,M0712,R06,Gold,Blue,foul_no_card,foul_no_card,0.941,synthetic
I0713,M0713,R06,Black,Blue,yellow,yellow,0.837,synthetic
I0714,M0714,R06,White,Green,foul_no_card,foul_no_card,0.881,synthetic
I0715,M0715,R06,White,Blue,foul_no_card,foul_no_card,0.883,synthetic
I0716,M0716,R06,Black,Green,red,red,0.966,synthetic
I0717,M0717,R06,White,Green,red,red,0.843,synthetic
I0718,M0718,R06,Blue,White,foul_no_card,foul_no_card,0.834,synthetic
I0719,M0719,R06,Red,Green,yellow,foul_no_card,0.843,synthetic
I0720,M0720,R06,Red,White,foul_no_card,foul_no_card,0.927,synthetic
I0721,M0721,R07,Black,Blue,red,yellow,0.894,synthetic
I0722,M0722,R07,Black,Blue,foul_no_card,foul_no_card,0.936,synthetic
I0723,M0723,R07,Gold,Green,foul_no_card,foul_no_card,0.866,synthetic
I0724,M0724,R07,Blue,Red,foul_no_card,foul_no_card,0.869,synthetic
I0725,M0725,R07,Black,Red,foul_no_card,foul_no_card,0.889,synthetic
I0726,M0726,R07,Blue,Green,foul_no_card,foul_no_card,0.89,synthetic
I0727,M0727,R07,Green,Red,yellow,yellow,0.891,synthetic
I0728,M0728,R07,Green,Gold,foul_no_card,foul_no_card,0.955,synthetic
I0729,M0729,R07,Red,Black,no_offence,no_offence,0.936,synthetic
I0730,M0730,R07,Blue,Black,no_offence,foul_no_card,0.943,synthetic
I0731,M0731,R07,Red,Blue,foul_no_card,foul_no_card,0.896,synthetic
I0732,M0732,R07,Red,Green,yellow,foul_no_card,0.957,synthetic
I0733,M0733,R07,Red,Gold,foul_no_card,foul_no_card,0.822,synthetic
I0734,M0734,R07,Red,Black,yellow,yellow,0.845,synthetic
I0735,M0735,R07,Black,White,red,yellow,0.897,synthetic
I0736,M0736,R07,Green,Blue,foul_no_card,foul_no_card,0.669,synthetic
I0737,M0737,R07,Blue,Red,no_offence,foul_no_card,0.967,synthetic
I0738,M0738,R07,Blue,White,red,red,0.903,synthetic
I0739,M0739,R07,Green,White,foul_no_card,foul_no_card,0.881,synthetic
I0740,M0740,R07,Black,Blue,foul_no_card,foul_no_card,0.903,synthetic
I0741,M0741,R07,Green,White,foul_no_card,foul_no_card,0.9,synthetic
I0742,M0742,R07,Red,Gold,no_offence,no_offence,0.854,synthetic
I0743,M0743,R07,Red,White,foul_no_card,foul_no_card,0.857,synthetic
I0744,M0744,R07,Green,Blue,foul_no_card,foul_no_card,0.846,synthetic
I0745,M0745,R07,Gold,Blue,foul_no_card,foul_no_card,0.842,synthetic
I0746,M0746,R07,Black,Blue,yellow,yellow,0.968,synthetic
I0747,M0747,R07,Black,Gold,foul_no_card,foul_no_card,0.725,synthetic
I0748,M0748,R07,White,Green,yellow,yellow,0.895,synthetic
I0749,M0749,R07,Gold,Red,foul_no_card,foul_no_card,0.913,synthetic
I0750,M0750,R07,Red,Black,yellow,yellow,0.875,synthetic
I0751,M0751,R07,Gold,Black,foul_no_card,foul_no_card,0.837,synthetic
I0752,M0752,R07,Red,Black,yellow,yellow,0.844,synthetic
I0753,M0753,R07,Blue,Red,foul_no_card,foul_no_card,0.735,synthetic
I0754,M0754,R07,Black,Blue,no_offence,no_offence,0.906,synthetic
I0755,M0755,R07,Blue,Gold,foul_no_card,foul_no_card,0.695,synthetic
I0756,M0756,R07,Red,Gold,yellow,yellow,0.939,synthetic
I0757,M0757,R07,White,Black,no_offence,no_offence,0.857,synthetic
I0758,M0758,R07,Blue,Green,foul_no_card,foul_no_card,0.821,synthetic
I0759,M0759,R07,White,Blue,foul_no_card,foul_no_card,0.715,synthetic
I0760,M0760,R07,White,Green,foul_no_card,foul_no_card,0.914,synthetic
I0761,M0761,R07,Green,Black,foul_no_card,foul_no_card,0.929,synthetic
I0762,M0762,R07,Red,Gold,foul_no_card,foul_no_card,0.909,synthetic
I0763,M0763,R07,Gold,Green,red,red,0.884,synthetic
I0764,M0764,R07,Red,Blue,yellow,yellow,0.846,synthetic
I0765,M0765,R07,Red,Black,foul_no_card,foul_no_card,0.932,synthetic
I0766,M0766,R07,White,Blue,foul_no_card,no_offence,0.625,synthetic
I0767,M0767,R07,Red,Gold,yellow,yellow,0.645,synthetic
I0768,M0768,R07,Blue,Black,no_offence,no_offence,0.918,synthetic
I0769,M0769,R07,Black,Green,yellow,yellow,0.951,synthetic
I0770,M0770,R07,White,Gold,foul_no_card,foul_no_card,0.949,synthetic
I0771,M0771,R07,Green,Red,no_offence,no_offence,0.857,synthetic
I0772,M0772,R07,Red,Blue,foul_no_card,foul_no_card,0.834,synthetic
I0773,M0773,R07,Green,Gold,foul_no_card,foul_no_card,0.903,synthetic
I0774,M0774,R07,White,Blue,yellow,yellow,0.909,synthetic
I0775,M0775,R07,Black,Green,no_offence,foul_no_card,0.974,synthetic
I0776,M0776,R07,Gold,White,foul_no_card,foul_no_card,0.837,synthetic
I0777,M0777,R07,Blue,Black,yellow,foul_no_card,0.973,synthetic
I0778,M0778,R07,Black,White,foul_no_card,foul_no_card,0.897,synthetic
I0779,M0779,R07,Red,Green,red,red,0.914,synthetic
I0780,M0780,R07,Blue,Gold,no_offence,no_offence,0.979,synthetic
I0781,M0781,R07,White,Red,yellow,yellow,0.906,synthetic
I0782,M0782,R07,White,Green,foul_no_card,foul_no_card,0.951,synthetic
I0783,M0783,R07,Blue,Black,yellow,yellow,0.963,synthetic
I0784,M0784,R07,Green,Red,yellow,yellow,0.9,synthetic
I0785,M0785,R07,Red,White,foul_no_card,yellow,0.852,synthetic
I0786,M0786,R07,Red,Black,no_offence,foul_no_card,0.833,synthetic
I0787,M0787,R07,White,Gold,no_offence,foul_no_card,0.827,synthetic
I0788,M0788,R07,Gold,Green,foul_no_card,foul_no_card,0.964,synthetic
I0789,M0789,R07,Green,Gold,foul_no_card,no_offence,0.884,synthetic
I0790,M0790,R07,Black,Red,foul_no_card,no_offence,0.907,synthetic
I0791,M0791,R07,Black,Green,foul_no_card,foul_no_card,0.976,synthetic
I0792,M0792,R07,White,Black,foul_no_card,foul_no_card,0.644,synthetic
I0793,M0793,R07,Black,Blue,foul_no_card,foul_no_card,0.908,synthetic
I0794,M0794,R07,Red,Green,foul_no_card,foul_no_card,0.9,synthetic
I0795,M0795,R07,Red,Gold,yellow,yellow,0.865,synthetic
I0796,M0796,R07,Red,Black,no_offence,no_offence,0.836,synthetic
I0797,M0797,R07,Green,Red,no_offence,foul_no_card,0.948,synthetic
I0798,M0798,R07,White,Red,foul_no_card,foul_no_card,0.842,synthetic
I0799,M0799,R07,White,Black,foul_no_card,foul_no_card,0.86,synthetic
I0800,M0800,R07,Black,Blue,foul_no_card,foul_no_card,0.74,synthetic
I0801,M0801,R07,Gold,Blue,foul_no_card,foul_no_card,0.91,synthetic
I0802,M0802,R07,Green,White,no_offence,no_offence,0.974,synthetic
I0803,M0803,R07,Red,Black,foul_no_card,foul_no_card,0.945,synthetic
I0804,M0804,R07,Green,White,yellow,yellow,0.962,synthetic
I0805,M0805,R07,Gold,Black,foul_no_card,foul_no_card,0.847,synthetic
I0806,M0806,R07,Green,Gold,foul_no_card,foul_no_card,0.831,synthetic
I0807,M0807,R07,Red,Green,foul_no_card,foul_no_card,0.863,synthetic
I0808,M0808,R07,White,Gold,foul_no_card,foul_no_card,0.878,synthetic
I0809,M0809,R07,Black,White,red,red,0.824,synthetic
I0810,M0810,R07,White,Red,red,yellow,0.833,synthetic
I0811,M0811,R07,Red,Gold,no_offence,no_offence,0.908,synthetic
I0812,M0812,R07,Blue,Gold,yellow,foul_no_card,0.919,synthetic
I0813,M0813,R07,Blue,Gold,foul_no_card,foul_no_card,0.92,synthetic
I0814,M0814,R07,Red,Black,yellow,yellow,0.958,synthetic
I0815,M0815,R07,Green,Gold,no_offence,foul_no_card,0.908,synthetic
I0816,M0816,R07,Red,Black,no_offence,no_offence,0.922,synthetic
I0817,M0817,R07,Black,Gold,foul_no_card,foul_no_card,0.876,synthetic
I0818,M0818,R07,Black,Red,yellow,yellow,0.862,synthetic
I0819,M0819,R07,Green,Blue,foul_no_card,no_offence,0.875,synthetic
I0820,M0820,R07,Gold,Black,foul_no_card,no_offence,0.896,synthetic
I0821,M0821,R07,Blue,Gold,yellow,yellow,0.908,synthetic
I0822,M0822,R07,Red,Gold,yellow,yellow,0.934,synthetic
I0823,M0823,R07,White,Gold,yellow,yellow,0.71,synthetic
I0824,M0824,R07,Black,White,yellow,yellow,0.939,synthetic
I0825,M0825,R07,Green,Gold,no_offence,no_offence,0.838,synthetic
I0826,M0826,R07,Gold,Black,foul_no_card,foul_no_card,0.871,synthetic
I0827,M0827,R07,Red,Blue,red,red,0.865,synthetic
I0828,M0828,R07,Red,Gold,yellow,yellow,0.899,synthetic
I0829,M0829,R07,Green,Gold,no_offence,foul_no_card,0.894,synthetic
I0830,M0830,R07,Blue,Green,no_offence,no_offence,0.863,synthetic
I0831,M0831,R07,Gold,Blue,foul_no_card,foul_no_card,0.86,synthetic
I0832,M0832,R07,Gold,Blue,foul_no_card,no_offence,0.943,synthetic
I0833,M0833,R07,Gold,Red,yellow,yellow,0.943,synthetic
I0834,M0834,R07,Black,Red,foul_no_card,foul_no_card,0.872,synthetic
I0835,M0835,R07,White,Blue,yellow,yellow,0.897,synthetic
I0836,M0836,R07,Green,Red,foul_no_card,foul_no_card,0.976,synthetic
I0837,M0837,R07,Red,Gold,foul_no_card,foul_no_card,0.839,synthetic
I0838,M0838,R07,Red,Blue,red,red,0.93,synthetic
I0839,M0839,R07,Red,Green,yellow,yellow,0.93,synthetic
I0840,M0840,R07,Green,Blue,no_offence,no_offence,0.947,synthetic
I0841,M0841,R08,Red,Gold,yellow,foul_no_card,0.941,synthetic
I0842,M0842,R08,Gold,Red,no_offence,no_offence,0.86,synthetic
I0843,M0843,R08,Blue,Gold,yellow,yellow,0.898,synthetic
I0844,M0844,R08,Black,Red,foul_no_card,foul_no_card,0.959,synthetic
I0845,M0845,R08,Black,White,no_offence,no_offence,0.951,synthetic
I0846,M0846,R08,Black,Green,no_offence,foul_no_card,0.937,synthetic
I0847,M0847,R08,Blue,Black,foul_no_card,yellow,0.935,synthetic
I0848,M0848,R08,White,Black,yellow,yellow,0.943,synthetic
I0849,M0849,R08,Red,Black,foul_no_card,foul_no_card,0.835,synthetic
I0850,M0850,R08,White,Blue,foul_no_card,no_offence,0.825,synthetic
I0851,M0851,R08,Blue,Gold,no_offence,no_offence,0.882,synthetic
I0852,M0852,R08,Gold,Black,foul_no_card,foul_no_card,0.645,synthetic
I0853,M0853,R08,White,Blue,foul_no_card,no_offence,0.969,synthetic
I0854,M0854,R08,Blue,Gold,yellow,yellow,0.97,synthetic
I0855,M0855,R08,Gold,Green,yellow,yellow,0.905,synthetic
I0856,M0856,R08,White,Blue,yellow,yellow,0.903,synthetic
I0857,M0857,R08,Blue,Red,foul_no_card,foul_no_card,0.86,synthetic
I0858,M0858,R08,White,Red,foul_no_card,foul_no_card,0.943,synthetic
I0859,M0859,R08,Black,Green,yellow,yellow,0.837,synthetic
I0860,M0860,R08,Red,Black,foul_no_card,foul_no_card,0.98,synthetic
I0861,M0861,R08,Gold,Green,yellow,yellow,0.955,synthetic
I0862,M0862,R08,Gold,White,yellow,yellow,0.907,synthetic
I0863,M0863,R08,Gold,Black,yellow,yellow,0.892,synthetic
I0864,M0864,R08,Gold,Blue,red,yellow,0.903,synthetic
I0865,M0865,R08,Green,Blue,foul_no_card,foul_no_card,0.823,synthetic
I0866,M0866,R08,White,Green,yellow,yellow,0.911,synthetic
I0867,M0867,R08,Blue,White,foul_no_card,foul_no_card,0.962,synthetic
I0868,M0868,R08,Red,White,foul_no_card,foul_no_card,0.911,synthetic
I0869,M0869,R08,Red,Blue,foul_no_card,yellow,0.952,synthetic
I0870,M0870,R08,White,Black,yellow,yellow,0.826,synthetic
I0871,M0871,R08,Black,Gold,no_offence,no_offence,0.876,synthetic
I0872,M0872,R08,Gold,White,yellow,yellow,0.94,synthetic
I0873,M0873,R08,Black,Blue,foul_no_card,foul_no_card,0.694,synthetic
I0874,M0874,R08,Green,Black,foul_no_card,foul_no_card,0.845,synthetic
I0875,M0875,R08,White,Gold,red,red,0.834,synthetic
I0876,M0876,R08,Gold,Green,yellow,yellow,0.896,synthetic
I0877,M0877,R08,White,Blue,foul_no_card,foul_no_card,0.89,synthetic
I0878,M0878,R08,White,Red,yellow,yellow,0.883,synthetic
I0879,M0879,R08,Black,Red,yellow,foul_no_card,0.859,synthetic
I0880,M0880,R08,Green,Gold,yellow,foul_no_card,0.927,synthetic
I0881,M0881,R08,Gold,Green,foul_no_card,foul_no_card,0.824,synthetic
I0882,M0882,R08,Green,Red,red,red,0.891,synthetic
I0883,M0883,R08,Red,Gold,foul_no_card,no_offence,0.88,synthetic
I0884,M0884,R08,White,Blue,no_offence,no_offence,0.968,synthetic
I0885,M0885,R08,Green,Blue,no_offence,foul_no_card,0.895,synthetic
I0886,M0886,R08,Green,Red,yellow,yellow,0.94,synthetic
I0887,M0887,R08,Black,Gold,yellow,foul_no_card,0.927,synthetic
I0888,M0888,R08,Gold,Black,yellow,yellow,0.83,synthetic
I0889,M0889,R08,Red,Black,foul_no_card,foul_no_card,0.831,synthetic
I0890,M0890,R08,White,Green,red,yellow,0.837,synthetic
I0891,M0891,R08,Green,Gold,foul_no_card,foul_no_card,0.836,synthetic
I0892,M0892,R08,Green,Gold,yellow,yellow,0.9,synthetic
I0893,M0893,R08,Gold,Black,yellow,yellow,0.905,synthetic
I0894,M0894,R08,Green,Gold,foul_no_card,foul_no_card,0.876,synthetic
I0895,M0895,R08,White,Green,yellow,foul_no_card,0.95,synthetic
I0896,M0896,R08,White,Green,red,yellow,0.825,synthetic
I0897,M0897,R08,Black,Green,foul_no_card,foul_no_card,0.842,synthetic
I0898,M0898,R08,White,Gold,foul_no_card,foul_no_card,0.93,synthetic
I0899,M0899,R08,Gold,Red,foul_no_card,foul_no_card,0.917,synthetic
I0900,M0900,R08,Gold,Black,no_offence,no_offence,0.929,synthetic
I0901,M0901,R08,Red,White,foul_no_card,foul_no_card,0.842,synthetic
I0902,M0902,R08,Red,Black,yellow,yellow,0.972,synthetic
I0903,M0903,R08,Blue,Red,no_offence,foul_no_card,0.942,synthetic
I0904,M0904,R08,Gold,White,foul_no_card,foul_no_card,0.922,synthetic
I0905,M0905,R08,White,Green,no_offence,no_offence,0.824,synthetic
I0906,M0906,R08,Black,White,foul_no_card,foul_no_card,0.857,synthetic
I0907,M0907,R08,White,Blue,foul_no_card,foul_no_card,0.9,synthetic
I0908,M0908,R08,Black,Gold,yellow,yellow,0.899,synthetic
I0909,M0909,R08,Red,White,no_offence,no_offence,0.822,synthetic
I0910,M0910,R08,Green,Gold,foul_no_card,foul_no_card,0.853,synthetic
I0911,M0911,R08,Red,Gold,yellow,yellow,0.893,synthetic
I0912,M0912,R08,Red,Gold,foul_no_card,foul_no_card,0.881,synthetic
I0913,M0913,R08,Green,Gold,foul_no_card,foul_no_card,0.904,synthetic
I0914,M0914,R08,White,Blue,foul_no_card,foul_no_card,0.827,synthetic
I0915,M0915,R08,Red,Black,yellow,foul_no_card,0.672,synthetic
I0916,M0916,R08,White,Blue,no_offence,no_offence,0.944,synthetic
I0917,M0917,R08,Green,Gold,no_offence,no_offence,0.93,synthetic
I0918,M0918,R08,Red,Gold,yellow,yellow,0.838,synthetic
I0919,M0919,R08,Black,White,no_offence,no_offence,0.849,synthetic
I0920,M0920,R08,Black,Red,yellow,yellow,0.924,synthetic
I0921,M0921,R08,White,Red,yellow,yellow,0.892,synthetic
I0922,M0922,R08,Green,Blue,foul_no_card,foul_no_card,0.902,synthetic
I0923,M0923,R08,Red,Gold,foul_no_card,foul_no_card,0.874,synthetic
I0924,M0924,R08,White,Red,no_offence,no_offence,0.828,synthetic
I0925,M0925,R08,Green,White,red,yellow,0.849,synthetic
I0926,M0926,R08,Red,White,foul_no_card,no_offence,0.69,synthetic
I0927,M0927,R08,Gold,Black,yellow,yellow,0.855,synthetic
I0928,M0928,R08,White,Gold,foul_no_card,foul_no_card,0.821,synthetic
I0929,M0929,R08,Black,Green,foul_no_card,foul_no_card,0.828,synthetic
I0930,M0930,R08,Red,Blue,yellow,yellow,0.927,synthetic
I0931,M0931,R08,Black,Green,foul_no_card,foul_no_card,0.979,synthetic
I0932,M0932,R08,Red,Green,foul_no_card,foul_no_card,0.946,synthetic
I0933,M0933,R08,Red,Gold,yellow,yellow,0.733,synthetic
I0934,M0934,R08,Green,White,foul_no_card,yellow,0.955,synthetic
I0935,M0935,R08,Blue,Green,foul_no_card,foul_no_card,0.873,synthetic
I0936,M0936,R08,Gold,Black,foul_no_card,foul_no_card,0.701,synthetic
I0937,M0937,R08,White,Black,red,red,0.969,synthetic
I0938,M0938,R08,White,Green,no_offence,foul_no_card,0.912,synthetic
I0939,M0939,R08,Black,Green,yellow,yellow,0.937,synthetic
I0940,M0940,R08,Gold,White,red,yellow,0.866,synthetic
I0941,M0941,R08,Red,Blue,no_offence,no_offence,0.938,synthetic
I0942,M0942,R08,Red,Black,red,red,0.91,synthetic
I0943,M0943,R08,White,Red,no_offence,no_offence,0.946,synthetic
I0944,M0944,R08,Green,White,foul_no_card,foul_no_card,0.72,synthetic
I0945,M0945,R08,Green,Gold,yellow,yellow,0.638,synthetic
I0946,M0946,R08,Green,White,yellow,yellow,0.826,synthetic
I0947,M0947,R08,Red,Gold,no_offence,no_offence,0.963,synthetic
I0948,M0948,R08,Gold,White,yellow,yellow,0.91,synthetic
I0949,M0949,R08,White,Green,foul_no_card,foul_no_card,0.873,synthetic
I0950,M0950,R08,Green,Blue,red,red,0.767,synthetic
I0951,M0951,R08,White,Black,yellow,yellow,0.915,synthetic
I0952,M0952,R08,Green,White,yellow,yellow,0.96,synthetic
I0953,M0953,R08,Green,Gold,yellow,yellow,0.848,synthetic
I0954,M0954,R08,Green,Blue,red,yellow,0.824,synthetic
I0955,M0955,R08,Gold,Black,no_offence,no_offence,0.96,synthetic
I0956,M0956,R08,Green,White,foul_no_card,no_offence,0.97,synthetic
I0957,M0957,R08,White,Red,foul_no_card,foul_no_card,0.958,synthetic
I0958,M0958,R08,Blue,White,foul_no_card,foul_no_card,0.96,synthetic
I0959,M0959,R08,Green,Gold,yellow,yellow,0.939,synthetic
I0960,M0960,R08,Blue,Black,yellow,yellow,0.852,synthetic
